ID,Status,"Original Query ",Query Type,Target Text,English Explanation,Source,Target Data Source,#,Additional Possible Right Answers,Notes,Results
ATI-69,Unreviewed,find me the source in divrey yoel that every item and dollar that a person owns each and every posession belongs to him cuz its has nitzotzos and sparks that are connected to his neshama and soul,1,"אכן יובן עפ""י הנודע דכל אדם יש לו מחלקי הקדושה נצוצות קדושות השייכים לשורשו המצפים לתיקון על ידו, וכן הוא הדבר במקומו של אדם, ואף גם בחפציו שהוא רוכש לעצמו יש בהם נצה""ק שמועל עליו לתקנם ולהעלותם לשרשם, ואם האדם זוכה אזי מגיעים אליו אותם החפצים השייכים לשרשו והמצפים להיותם נתקנים על ידו, ודבר זה מבואר בליקו""ת להאריז""ל דתכלית כל הגלויות הם לתקן ולהעלות כל ניצוצי הקדושה שנתפזרו לבין הקליפות וכל אחד מישראל צריך לגלות במקום שבו נמצאים הנצה""ק השייכים לשרשו ואשר עליה דידיה רמיין לתקנן ולהעלותם. וכמו""כ בחפצי האדם וברכושו יש נצה""ק השייכים לשרשו וכמ""ש ק""ז זלה""ה בייטב לב פ' בהר דכל אדם נמשך לעסוק במסחר החביב לו לפי שבאותו חפץ יש בו נצה""ק השייכים לנפשו ולכן יחפוץ בו, ובעסקו בו כדת של תורה ונזהר מאזהרות שנאמרו בו איסורי אונאה ורבית וכו' אז יעלה הנצה""ק לשרשן, יע""ש בדבה""ק באורך.","The question about the connection between a person's possessions and their soul is answered in the target text by explaining that every individual has holy sparks (nitzotzos) associated with their root, which await rectification through their actions. This answer is relevant as it aligns with the understanding that all items a person acquires have a spiritual significance tied to their essence, thus reinforcing the importance of how one engages with their possessions.",https://tashma.co.il/books/learn/19079/%D7%93%D7%91%D7%A8%D7%99_%D7%99%D7%95%D7%90%D7%9C_%D7%A2%D7%9C_%D7%94%D7%AA%D7%95%D7%A8%D7%94/%D7%91%D7%9E%D7%93%D7%91%D7%A8/%D7%A4%D7%A8%D7%A9%D7%AA_%D7%91%D7%94%D7%A2%D7%9C%D7%AA%D7%9A/%D7%9B%D7%94?line=57--%D7%91%D7%9E%D7%93%D7%91%D7%A8-%D7%A4%D7%A8%D7%A9%D7%AA+%D7%91%D7%94%D7%A2%D7%9C%D7%AA%D7%9A-%D7%9B%D7%94,,,,,
ATI-68,Unreviewed,find me the source in divrey yoel that if a jew wants very badly to merit to have real bitachon he will get it,1,"ונקדים מה שאמרתי לפרש הפסוק ברוך הגבר אשר יבטח בה' והי' ה' מבטחו דלכאורה מ""ש והי' ה' מבטחו נראה כמיותר דזה נכלל כבר באמרו אשר יבטח בה' והכפל לשון למה. וא""ל דבאמת כל אחד מישראל יש לו רצון אמיתי להיות מהבוטחים בה' בשלימות, אמנם להגיע בשלימות למדת הבטחון הוא דבר קשה מאוד לצד גודל הנסיון והסתת היצר ורבוי המניעות וכוחות המנגדים המונעים את האדם ממדה זו, ורק בס""ד יוכל האדם להגיע לשלימות הבטחון, דע""י שיש לו עכ""פ רצון לזכות במדה זו, הקב""ה עוזר לו שיוכל להשלים עצמו במדת הבטחון בתכלית השלמות, וכמו שפי' ק""ז היש""מ (פ' חיי שרה נ""ו) הפסוק (תהלים ס""ב) אחת דבר אלקים שתים זו שמעתי כי עז לאלקים ולך ה' חסד כי אתה תשלם לאיש כמעשהו, ולכאורה קשה דמה הוא החסד שמשלם לו הקב""ה לאדם כמעשהו, הלא על מה שעשה מגיע לו שכרו משלם מצד היושר ומצד הדין, ומה חסד יש בתשלום גמולו הראוי לו, אבל הענין הוא כי בכל הדברים יש ג' חלקים ראש תוך וסוף, ובכל דבר הוא ית""ש המתחיל ואין לנו כח להתחיל זולתו ית' והמסיים והגומר הוא ג""כ ית""ש וכמו שאחז""ל יצרו של אדם מתגבר עליו בכל יום ואלמלא הקב""ה עוזרו לא יכול לו, וא""כ האדם אינו רק קצת מסייע באמצע וקיי""ל מסייע אין בו ממש, נמצא לפי""ז לא פעל האדם מצד עצמו כלום, ומצד הדין לא הי' מגיע לו שום שכר, ורק על צד החסד משלם לו הקב""ה שכר כאילו הוא הי' העושה כולה, והן הן דברי הפסוק אחת דיבר אלקים ר""ל כל מה שדיבר אלקים לנו בתוה""ק רק על חלק ""אחת"" דיבר, דהיינו החלק האמצעי, שתים ר""ל שני החלקים האחרים דהיינו ראש וסוף, זו שמעט ר""ל זה אנו מבינים, כי עוז לאלקים ר""ל כי הכח והיכולת על אלו שני החלקים הוא רק לאלקים, דאלמלא הקב""ה עוזרו לא יכול לו, ושמא תאמר מפני מה יקבל שכר, ע""ז אמר ולך ה' החסד כי אתה תשלם לאיש כמעשהו ר""ל כאילו הי' מעשהו בלבד בלי סיוע כלל את""ד בקיצור.","The question about a Jew's desire to merit real bitachon (trust in God) is addressed in the target text by explaining that although achieving complete bitachon is challenging due to various obstacles, the sincere desire for it prompts divine assistance to complete this attribute. This answer is relevant because it emphasizes that the initial genuine wish for bitachon is crucial for receiving God's help in attaining it.",https://tashma.co.il/books/learn/19079/%D7%93%D7%91%D7%A8%D7%99_%D7%99%D7%95%D7%90%D7%9C_%D7%A2%D7%9C_%D7%94%D7%AA%D7%95%D7%A8%D7%94/%D7%91%D7%A8%D7%90%D7%A9%D7%99%D7%AA/%D7%A4%D7%A8%D7%A9%D7%AA_%D7%95%D7%99%D7%A6%D7%90/%D7%95?line=136--%D7%91%D7%A8%D7%90%D7%A9%D7%99%D7%AA-%D7%A4%D7%A8%D7%A9%D7%AA+%D7%95%D7%99%D7%A6%D7%90-%D7%95,,,,,
ATI-64,Unreviewed,find me the source in divrey yoel that taking money from the israeli government will effect us negatively,1,"וכמו שנראה בעליל בעוה""ר בזמנינו שע""י שנהנים מממשלת הכופרים באיזה אופן שהוא, בממון או בכבוד או טובת הנאה כל שהיא, נעשים משוחדים בדעתם, ולוקחים חבל בעוון הנורא של לקיחת ממשלה קודם הזמן, ובדבר הזה טעו והתעו אחריהם את כלל ישראל, להיות גרורים אחרי המינים והכופרים, ואף כי הם בעצמם לא ידעו ולא יבינו כי משוחדים המה, אדרבה עוד טענתם בפיהם כי אעפ""י שהם נהנים מן המינים מ""מ בזה הפרע אינם משוחדים, והם רשאים לחוות דעתם בענינים אלו, אך האמת היא כי התורה מעידה עליהם כי השחד יעור, ואמרו ז""ל (כתובות ק""ה ע""א) https://tashma.co.il/books/learn/5000/a/%D7%9B%D7%AA%D7%95%D7%91%D7%95%D7%AA/%D7%A7%D7%94/%D7%90 של מקבלי שוחד אדם חש בעיניו נותן ממון לרופא ספק מתרפא וכו' והן נוטלין שוה פרוטה ומסמין עיניהם. ואמרו ז""ל (ביצה ל""ב ע""ב) https://tashma.co.il/books/learn/5000/a/%D7%91%D7%99%D7%A6%D7%94/%D7%9C%D7%91/%D7%91 עולם חשך בעדו. וכמו כן הנהנים מאותה המלוכה המרה באיזה הנאה שהיא, חשכו עיניהם מראות ולא יוכלו לכוון אל האמת.

","The question about how taking money from the Israeli government will negatively affect us is answered in the target text by stating that enjoying benefits from the government can lead to a corruption of judgment, making individuals more susceptible to error and leading them astray from the truth. This answer is correct and relevant because it directly links the act of receiving government benefits to a loss of discernment, as indicated by the cited sources from Jewish texts regarding the corrupting influence of accepting bribes.",https://tashma.co.il/books/learn/19079/%D7%93%D7%91%D7%A8%D7%99_%D7%99%D7%95%D7%90%D7%9C_%D7%A2%D7%9C_%D7%94%D7%AA%D7%95%D7%A8%D7%94/%D7%95%D7%99%D7%A7%D7%A8%D7%90/%D7%A4%D7%A8%D7%A9%D7%AA_%D7%A7%D7%93%D7%95%D7%A9%D7%99%D7%9D/%D7%99%D7%90?line=14--%D7%95%D7%99%D7%A7%D7%A8%D7%90-%D7%A4%D7%A8%D7%A9%D7%AA+%D7%A7%D7%93%D7%95%D7%A9%D7%99%D7%9D-%D7%99%D7%90,,,,,
ATI-62,Unreviewed,"Where does the דברי יואל say that someone who has clean speech, he will merit that he doesn't even have to do any השתדלות in order to make money? And he will make money just by talking, not by exerting effort. ",1,"והנה באמת לאו כל אדם זוכה לזה שדיבורו יעשה רושם כעשי' ממש, וכבר פירשו בספה""ק מאמה""כ לא יחל דברו ככל היוצא מפיו יעשה, שאם לא יחל דברו כפירש""י ז""ל לא יעשה דבריו חולין, דר""ל שיהי' דיבורו בקדושה ולא יתחלל בשום ענין, אזי ככל היוצא מפיו יעשה שכל דיבוריו שיצאו מפיו יחשבו לעשי', ומי שמקדש דיבורו באמת ואינו מחללו בשום ענין, בוודאי יוכל להמשיך בתפלתו כל השפעות טובות בלי שום עשי' והשתדלות, ותפלתו אינה חוזרת ריקם לעולם, אמנם מי שאינו במדריגה זו לקדש דיבורו בקדושה גמורה, אין דיבורו פועל כ""כ וצריך לאיזה עשי' והשתדלות. אבל מ""מ אין מעצור לה' להושיע ברב או במעט ואף בעשי' כל דהו מקיים וברכתיך בכל אשר תעשה, ואין צריך לבלות ע""ז כל זמניו ח""ו והעיקר הוא האמונה והבטחון.

","The question about where ""דברי יואל"" states that someone with clean speech will merit not having to exert effort to make money is addressed in the target text, which explains that if a person's speech is sanctified and not desecrated, their words will be effective and can bring about good outcomes without the need for effort. This answer is relevant because it directly connects the concept of sanctified speech with the ability to achieve success effortlessly, aligning with the original query's focus on the relationship between clean speech and financial success.",https://tashma.co.il/books/learn/19079/%D7%93%D7%91%D7%A8%D7%99_%D7%99%D7%95%D7%90%D7%9C_%D7%A2%D7%9C_%D7%94%D7%AA%D7%95%D7%A8%D7%94/%D7%A9%D7%9E%D7%95%D7%AA/%D7%A4%D7%A8%D7%A9%D7%AA_%D7%91%D7%A9%D7%9C%D7%97/%D7%99%D7%96?line=2--%D7%A9%D7%9E%D7%95%D7%AA-%D7%A4%D7%A8%D7%A9%D7%AA+%D7%91%D7%A9%D7%9C%D7%97-%D7%99%D7%96,Divrey Yoel,,,,
ATI-61,Unreviewed,"Where does the דברי יואל say that at the end of days there will be a lot of atheism and there is a promise that there will always be leftover believers? ",1,"עוד יתבאר דברי המדרש הנ""ל במשל לבירה דולקת וכו', עפ""י המבואר בדרז""ל שהראה הקב""ה לאאע""ה בהליכה זו כל הגליות עד גלות האחרון, והשיג וראה א""א שפלות המצב שיהי' בדור האחרון עיקבתא דמשיחא, שיהי' ההנהגה וההשגחה הסתר בתוך הסתר, ועי""ז תהי' התגברות המינות והאפיקורסית נורא עד להבהיל, וזה הזמן המשילו חז""ל לאחד שראה בירה דולקת, ובבחי' זו ראה אאע""ה מצב העולם בעיקבתא דמשיחא, והי' מפחד ואומר ""תאמר"" שהעוה""ז בלא מנהיג, ר""ל שיאמרו הבריות כן אחרי שיהי' ההסתר גדול ונורא, ובעוה""ר נתקיים כבר מה שהתנבאו חז""ל סנהדרין (צ""ז ע""א) בדור שבן דוד בא נהפכה כל המלכות למינות ואין תוכחה, וע""ז הי' אאע""ה מתאונן דאיך יתחזקו ישראל באמונתם בדור שפל הזה, הציץ עליו הקב""ה וא""ל אני הוא בעל העולם, שבתוך ההסתר הגדול מלובש בו הנהגתו ורצונו ית', ומי שרוצה להחזיק באמונתו ית' ולהנצל מחבורת המינים ואפיקורסים, ד' לא יעזבנו בידם ומשגיח עליו בעינא פקיחא להצילו מידם, וכדאיתא https://tashma.co.il/books/learn/2020/a/%D7%91%D7%A8%D7%90%D7%A9%D7%99%D7%AA/%D7%9E%D7%91 (מ""ב סי' ג') אמר ישעי' וחכיתי לד' המסתיר פניו מבית יעקב, אין לך שעה קשה כאותה שעה שכתב בה ואנכי הסתר אסתיר פני בעת ההוא, ומאותה שעה קויתי לו שאמר כי לא תשכח מפי זרעו עכ""ד המדרש וזו הבטחה שלעולם יהיו בישראל מאמינים, ונזכה להתחזק באמונתו ית' בכוחו וזכותו של אאע""ה שהתפלל בעדינו, ויעזרנו הבוי""ת על דבר כבוד שמו שלא נבוש ולא נכלם מאבותינו ונהי' דבוקים בהבוי""ת ובאמונתו ובתוה""ק באמת ובתמים בזה ובבא.

","The question regarding where the ""דברי יואל"" states that there will be an increase in atheism at the end of days, along with a promise of remaining believers, is addressed in the target text. The text explains that in the times leading up to the Messiah, there will be a significant rise in heresy and atheism, but it reassures that God maintains His presence and will protect those who wish to hold on to their faith. This answer is correct and relevant as it directly references the prophetic insights from the midrash and confirms the existence of a divine promise for believers amidst increasing challenges.",https://tashma.co.il/books/learn/19079/%D7%93%D7%91%D7%A8%D7%99_%D7%99%D7%95%D7%90%D7%9C_%D7%A2%D7%9C_%D7%94%D7%AA%D7%95%D7%A8%D7%94/%D7%91%D7%A8%D7%90%D7%A9%D7%99%D7%AA/%D7%A4%D7%A8%D7%A9%D7%AA_%D7%9C%D7%9A_%D7%9C%D7%9A/%D7%98?line=12--%D7%91%D7%A8%D7%90%D7%A9%D7%99%D7%AA-%D7%A4%D7%A8%D7%A9%D7%AA+%D7%9C%D7%9A+%D7%9C%D7%9A-%D7%98,Divrey Yoel,,,,
ATI-60,Unreviewed,"Where does the דברי יואל say that the reason why there's only blessing in something that is not counted is because even the natural way of the world has hidden miracles, but if you don't leave anything exposed, anything hidden, then there's no place for the hidden miracles to happen? ",1,"הנה גם הלל הזקן רצה להגיע לידי כך שלא תהיה קצבה למזונו, ואמנם הוא היה לו מדה אחרת להגיע לדבר זה. ויתבאר הענין בהקדם מה שכתב ק""ז זלה""ה בישמח משה (פ' תולדות) בפסוק https://tashma.co.il/books/learn/1000/a/%D7%91%D7%A8%D7%90%D7%A9%D7%99%D7%AA/%D7%9B%D7%95/%D7%99%D7%91 בארץ ההוא וימצא בשנה ההוא מאה שערים ויברכהו ה', https://tashma.co.il/books/learn/1018/a/%D7%91%D7%A8%D7%90%D7%A9%D7%99%D7%AA/%D7%9B%D7%95/%D7%99%D7%91 . דהנה קיום העולם הוא רק על ידי הברכה וכו', אך (תענית ח' ע""ב) אין הברכה שורה לא בדבר המדוד וכו' אלא בדבר הסמוי מן העין וכו'. והנה הטעם דhttps://tashma.co.il/books/learn/5000/a/%D7%AA%D7%A2%D7%A0%D7%99%D7%AA/%D7%97/%D7%91 וכו', לפי שההנהגה הסתמית היא השגחה מסותרת בהטבע וכו', ואם כן בדבר המדוד שאין יכול להיות נסתר, אין בו ברכה. ולפי זה מובן דאם יתן השי""ת ברכה בעצמו שלא על ידי שליח, היינו הטבע, ואינה מכוסה כלל בטבע, ודאי אין שום דבר יכול לעכב על ידו וכו', ועל פי זה יבואר הפסוק וכו' ויזרע יצחק וגו' וימצא מאה שערים, כתרגומו מאה בדשערוהי, וקשה איך יתכן זה הא הוי בזה כדבר המדוד וכו' לזה אמר ויברכהו ה' דייקא ולא על ידי שליח עכתו""ד.

","The question regarding why there is only blessing in something that is not counted is addressed in the target text by explaining that true blessings come from the hidden aspects of nature, which is why when something is fully exposed or measured, it lacks the space for hidden miracles to occur. This explanation is correct and relevant as it directly connects the concept of blessings with the idea of hidden miracles in the natural world, as discussed in the text.",https://tashma.co.il/books/learn/19080/%D7%93%D7%91%D7%A8%D7%99_%D7%99%D7%95%D7%90%D7%9C_%D7%A2%D7%9C_%D7%94%D7%9E%D7%95%D7%A2%D7%93%D7%99%D7%9D/%D7%A9%D7%91%D7%95%D7%A2%D7%95%D7%AA/%D7%A1%D7%97?line=7--%D7%A9%D7%91%D7%95%D7%A2%D7%95%D7%AA-%D7%A1%D7%97,Divrey Yoel,,,,
ATI-59,Unreviewed,"Where does the Divrey Yoel say that the reason for lack of abundance is through a lack of trust in Hashem? ",1,"עה""פ וכי תאמרו מה נאכל בשנה השביעית וצויתי את ברכתי וגו', שהשי""ת ב""ה כשברא את העולם השפיע מטובו צינורות מושכין שפע לצורכי בנ""א, ודרך השפע שלא להפסיק כלל, אלא כשהאדם נופל ממדריגתו ואין לו בטחון בבורא ב""ה המשגיח אמיתי הזן ומפרנס בריוח בלי הפסק כלל, אז עושה האדם ההוא במחשבתו אשר לא מטוהר פגם בעולמות העליונים, ומתישין כח פמליא של מעלה ר""ל, ואז נפסק השפע חלילה, וצריך השי""ת ב""ה לצוות מחדש השפע, שתלך כמו מתחילת הבריאה, וזהו וכי תאמרו מה נאכל וכו' כי כאשר חלילה יפול מן הבטחון לחשוב מה יאכל, הוא עושה פגם חלילה בהשפע, ואטרחו כלפי שמיא לצוות מחדש, וכי תאמרו פי' כאשר תאמרו כך, ואז תטריחו אותי וצוויתי את ברכתי וכו', אלא לא תתנהגו כך ותבטחו בד' בכל לבבכם ואז תלך השפע בלי הפסק כלל תמיד לא יחסר כל בה עכלה""ק.

","The question ""Where does the Divrey Yoel say that the reason for lack of abundance is through a lack of trust in Hashem?"" is answered in the target text by explaining that when a person lacks trust in God and worries about their sustenance, it creates a flaw in the spiritual abundance and interrupts the flow of blessings. This answer is correct and relevant because it directly connects the lack of trust in Hashem to the cessation of divine provision, aligning with the teachings of Divrey Yoel.",https://tashma.co.il/books/learn/19079/%D7%93%D7%91%D7%A8%D7%99_%D7%99%D7%95%D7%90%D7%9C_%D7%A2%D7%9C_%D7%94%D7%AA%D7%95%D7%A8%D7%94/%D7%91%D7%A8%D7%90%D7%A9%D7%99%D7%AA/%D7%A4%D7%A8%D7%A9%D7%AA_%D7%91%D7%A8%D7%90%D7%A9%D7%99%D7%AA/%D7%99%D7%96?line=33--%D7%91%D7%A8%D7%90%D7%A9%D7%99%D7%AA-%D7%A4%D7%A8%D7%A9%D7%AA+%D7%91%D7%A8%D7%90%D7%A9%D7%99%D7%AA-%D7%99%D7%96,Divrey Yoel,,,,
ATI-58,Unreviewed,"where does the tiferes shlomo say that the reson That money can be bad is only if you don't take on the yoke of Torah because the purpose of working hard is in order to be too busy to sin. ",1,"וא""כ זה הפי' יפה ת""ת עם ד""א היינו היגיעה שעל הפרנסה שיגיעת שניהם משכחת עון שע""י העמל והדאגות של פרנסה אינם באים להרהורי עבירה. ולדעתי אפשר שזה היתה כוונת הקב""ה שיעבדו ישראל למצרים שאז לא הי' לישראל שום תורה ואם עכשיו שיש לנו תורה ואדם עוסק בתורה אמרו שיפה ת""ת עם ד""א מכ""ש אז שלא היה להם תורה ומה היו עושים לכן הכביד עליהם עול השיעבוד. אך כ""ז אמרו בתלמוד תורה לחוד. אבל במקבל עליו עול תורה אמרו באבות כלהמקבלעליו עול תורה מעבירין ממנו עול מלכות ועול דרך ארץ . דלכאורה סותר משנה זו להמשנה הנ""ל שיפה ת""ת עם ד""א. אבל באמת יש חילוק בין הני תרי משניות שכאן אמר יפה ת""ת עם ד""א וכאן אמר המקבל עליו עול תורה דהיינו אם האדם מקבל עליו עול מלכות שמים אזי אפי' אם יהי' לו כל טוב אינו אוכל יותר מדאי וכמו שמצינו ברבינו הקדוש שהי' לו תורה וגדולה במקום אחד ואעפ""כ אמר בשעת מיתתו שלא נהנה אפי' באצבע קטנה וכן מצינו כמה קדושים וזה קאי עול תורה. דהיינו הקדושים שהקב""ה יודע אשר העשירות לא יזיק לו כלל. אזי אדרבא מעבירין ממנו עול דרך ארץ שהקב""ה ממציא לו פרנסתו ומלאכתו נעשית ע""י אחרים. אבל בכאן מיירי באדם שלומד תורה. ואם הי' לו פרנסה בניקל היה רם לבבו מאחיו. בזה אמרו יפה ת""ת עם ד""א.

","The question ""where does the tiferes shlomo say that the reason that money can be bad is only if you don't take on the yoke of Torah because the purpose of working hard is in order to be too busy to sin"" is addressed in the target text by discussing the relationship between hard work, the burden of Torah, and the avoidance of sin. The text explains that engaging in toil for sustenance can prevent one from sinful thoughts, and that those who accept the yoke of Torah are relieved of other burdens, implying that a proper engagement with Torah can lead to a righteous life even in the context of financial concerns. This answer is correct and relevant because it directly connects the philosophical teachings of Tiferes Shlomo regarding the significance of Torah study amid worldly responsibilities.",https://tashma.co.il/books/learn/19019/%D7%AA%D7%A4%D7%90%D7%A8%D7%AA_%D7%A9%D7%9C%D7%9E%D7%94/%D7%95%D7%99%D7%A7%D7%A8%D7%90/%D7%91%D7%97%D7%95%D7%A7%D7%AA%D7%99/%D7%97?line=0--%D7%95%D7%99%D7%A7%D7%A8%D7%90-%D7%91%D7%97%D7%95%D7%A7%D7%AA%D7%99-%D7%97,Tiferes Shlomo,,,,
ATI-57,Under Review,Find me the source in divrey yoel that a person can know his personal mission based off where hashem put him in this world,1,"והנה מבואר בספה""ק, דתכלית ביאתו של אדם לעוה""ז למלאות תפקידו ושליחותו, מה שעליו לתקן כ""א לפי בחינתו ושורש נשמתו, וכתבו בשם האריז""ל דכל א' נמשך ומתגלגל לאותו מקום, ששם חלקי ניצוצות נשמתו, וזה שליחותו לתקן חלקי הניצוצות הקדושים ההם, ע""י רבוי פעלים בתורה וקיום המצות, ועד""ז אדם הראשון היתה שליחותו בגן עדן לעבדה ולשמרה, ולהרחיק הנזקין מליכנס במקום הקודש, ולהתרחק א""ע מהתחברותם, ולולא שחטא הי' נשאר במקום הקודש בגן עדן, והי' יכול לתקן משם את כל העולם כולו, וע""י שחטא נתגרש משם, ומעתה הי' ס""ד לומר כיון שמקום השליחות נתייחד בג""ע לעבדה ולשמרה, א""כ אחר שנתגרש משם פסק ונתבטל ממנו חיוב השליחות, אמנם לא כן הוא, דגם אחר שנתגרש מג""ע, נשאר עליו חיוב השליחות לשמור א""ע מהנזקין והתחברותם ולהתרחק מעצת הנחש והיצה""ר, ואולי אפ""ל הרמז בכוונת דבריהם ז""ל במ""ש ודנתי אותן בגירושין ובשילוחין ר""ל שנתגרש מג""ע, וגם אח""כ נידון בשילוחין, ומתחייב למלאות שליחותו ותפקידו, והקדים גירושין לשילוחין, להורות דגם אחר הגירושין מתחייב בשילוחין.","The query ""Find me the source in Divrey Yoel that a person can know his personal mission based off where Hashem put him in this world"" is addressed in the target text, which discusses an individual's purpose in life and their mission related to the sparks of their soul. It explains that each person's mission continues even after being expelled from their original place, emphasizing the importance of maintaining one's responsibilities and avoiding negative influences. This answer is relevant as it illustrates that understanding one's personal mission is tied to their circumstances and responsibilities in the world, as interpreted from the teachings of Divrey Yoel.",https://tashma.co.il/books/learn/19079/%D7%93%D7%91%D7%A8%D7%99_%D7%99%D7%95%D7%90%D7%9C_%D7%A2%D7%9C_%D7%94%D7%AA%D7%95%D7%A8%D7%94/%D7%93%D7%91%D7%A8%D7%99%D7%9D/%D7%A4%D7%A8%D7%A9%D7%AA_%D7%93%D7%91%D7%A8%D7%99%D7%9D/%D7%99%D7%90?line=7--%D7%93%D7%91%D7%A8%D7%99%D7%9D-%D7%A4%D7%A8%D7%A9%D7%AA+%D7%93%D7%91%D7%A8%D7%99%D7%9D-%D7%99%D7%90,Divrey Yoel,,,,
ATI-51,Under Review,where does the divrey yoel say that if you give money for torah institutions you get rich,1,"אמנם כל זה יתכן רק כשנותנים צדקה לבני אדם, אבל בנידון דידן שנותנים צדקה לקיום התוה""ק, התוה""ק היא המקבלת הצדקה, וכולנו רק משמשים לתוה""ק, והנה לתוה""ק אין שייך ליתן גם את המצות כי התוה""ק הלא היא מליאה מצות וע""כ נשאר בידינו זכות הנתינה ושכר הברכה שהבטיח לנו הבוי""ת, כי בגלל הדבר הזה יברכך ה' אלקיך, ע""כ כל אחד ישים אל לבו ליתן לקיום התוה""ק בכוונה רצויה מאותו ברכה המיועדת לבא עלינו בשכר הרצון והדיבור והמעשה. ואל ורע לבבך בתתך, כי בגלל הדבר הזה יברכך ה' וגו', וברכת ה' היא תעשיר וגו' בשפע ברכה והצלחה עד בלי גבול.

וכל מי שנתן מנכסיו להחזיק ולתמוך חינוך תשב""ר יוסיף ה' לו כפל כפלים","The question ""where does the divrey yoel say that if you give money for torah institutions you get rich"" is answered by the target text which emphasizes that giving charity for the upkeep of Torah is rewarded with blessings and prosperity from God, specifically citing that ""the blessing of the Lord will enrich you."" This answer is correct and relevant because it directly connects the act of giving to the promise of financial blessings, thus supporting the query about the benefits of donating to Torah institutions.",https://tashma.co.il/books/learn/19079/%D7%93%D7%91%D7%A8%D7%99_%D7%99%D7%95%D7%90%D7%9C_%D7%A2%D7%9C_%D7%94%D7%AA%D7%95%D7%A8%D7%94/%D7%91%D7%A8%D7%90%D7%A9%D7%99%D7%AA/%D7%A4%D7%A8%D7%A9%D7%AA_%D7%95%D7%99%D7%92%D7%A9/%D7%9B%D7%90?line=12--%D7%91%D7%A8%D7%90%D7%A9%D7%99%D7%AA-%D7%A4%D7%A8%D7%A9%D7%AA+%D7%95%D7%99%D7%92%D7%A9-%D7%9B%D7%90,Divrey Yoel,,,,
ATI-50,Under Review,"where is the chasidish vort about the confidence and can-do attitude of kaleiv vs the meraglim ",1,"כמאמר כלב עלה נעלה וירשנו אותה כי יכול נוכל לה ופירש""י אפי' בשמים והוא אומר לנו עשו סולמות ועלו שם נצליח בכל דבריו, וכבר כתבנו שלא בדרך גוזמא אמר כך רק בפשיטות באמת אם הי' כך המצוה

","The question about the Chasidish teaching regarding the confidence and can-do attitude of Kaleiv compared to the Meraglim is answered by the target text, which references a teaching that highlights Kaleiv's belief in their ability to succeed, even in the face of challenges. This answer is relevant because it directly contrasts Kaleiv's positive mindset with the negative perspective of the Meraglim, illustrating the importance of confidence in achieving goals.",https://tashma.co.il/books/learn/19006/%D7%A9%D7%9D_%D7%9E%D7%A9%D7%9E%D7%95%D7%90%D7%9C/%D7%A9%D7%95%D7%A4%D7%98%D7%99%D7%9D/%D7%91?line=3--%D7%A9%D7%95%D7%A4%D7%98%D7%99%D7%9D-%D7%91,Chassidus General,,,,
ATI-49,Under Review,where do we see in tiferes shlomo  that the way hashem operates is that he is waiting for action from humans in order to give all shefa in general and specificaly by rain,1,"ולזה אמר כי לא המטיר כו' יען כי האדם אין לעבוד כו' וכל זמן שלא הי' אדם לעורר השפע של חסד לא היה יכול להיות מטר.

","The question about how Hashem's operation relies on human action to provide divine abundance, particularly in the context of rain, is addressed in the target text, which states that without human effort to evoke the flow of kindness, there would be no rain. This answer is correct and relevant as it underscores the principle that divine blessings are contingent upon human initiative and actions, reinforcing the idea that humans play a crucial role in eliciting spiritual and physical sustenance.",https://tashma.co.il/books/learn/19019/%D7%AA%D7%A4%D7%90%D7%A8%D7%AA_%D7%A9%D7%9C%D7%9E%D7%94/%D7%95%D7%99%D7%A7%D7%A8%D7%90/%D7%91%D7%97%D7%95%D7%A7%D7%AA%D7%99/%D7%92?line=0--%D7%95%D7%99%D7%A7%D7%A8%D7%90-%D7%91%D7%97%D7%95%D7%A7%D7%AA%D7%99-%D7%92,Tiferes Shlomo,,,,
ATI-48,Under Review,"find me where the tiferes shlomo answers the question, How can the Torah promise material rewards (""ונתתי גשמיכם בעיתם"") when Chazal teach us ""שכר מצוה בהאי עלמא ליכא""?

",1,"""א""י אם בחקותי תלכו וגו' ושמרתם ועשיתם אותם וגו'. דקדקו המפרשים ז""ל הלא שכר מצוה בהאי עלמא ליכא כו' היום לעשותם ומחר לקבל שכרם וכמ""ש ז""ל. אך נראה דהנה בעבדות הבורא לפעמים עושה האדם המצוה בתשוקה גדולה בדחילו ורחימו כמבואר בסה""ק וכמ""ש בתהלים הנחמדים מזהב וגו' ששתי כעל כל הון וכה""ג טובא והאנשים ההם נקראים שומרי מצות כמ""ש ואביו שמר את הדבר מצפה מתי יגיע לידו המצוה. ומחשבה טובה הקדוש ברוך הוא מצרפה למעשה והוה כאלו עשה המעש' מצוה. והנה שכר המחשבות ותשוקה קודם שיבא לידי מצוה ג""כ נחשב למצוה. והנה שכר המחשבות ותשוקה למצוה קודם למצוה אנו אוכלים בעוה""ז. אבל שכר עשיית המצוה אותם המצות שבאו לידי העשיה הם הנשארים לעה""ב. ולזה אמר אם בחקותי תלכו דהיינו שכר הליכה ומחשבות שלכם הוא בהמצות. ושמרתם. דהיינו מצפים מתי יבא לידי ואקיימנו. ועשיתם אותם. ואח""כ באו לידי העשי' המצות. אזי נוטלים שכר המחשבות והתשוקה להמצות קודם לעשייתם. ולזה אמר ועשיתם אותם. דאלו ח""ו לא נגמר הדבר לבא לידי עשי' אזי מהוצרך לטמון שכר התשוקה והמחשבות של המצות לעוה""ב אבל אם תהי' בזו המדריגה שכל מחשבותיכם בהליכה. ושמרתם. כמו ואביו שמר את הדבר. וגם ועשיתם אותם אזי ונתתי גשמיכם בעתם וגו'"".","The Tiferes Shlomo addresses the question of how the Torah can promise material rewards when Chazal teach that there is no reward for mitzvot in this world by explaining that the reward for one's thoughts and aspirations towards performing mitzvot is accounted for even before the actual deed is completed. This is correct and relevant because it clarifies the apparent contradiction by emphasizing that both the desire and execution of mitzvot are recognized, thereby aligning with the Torah's promise of material rewards.",https://tashma.co.il/books/learn/19019/%D7%AA%D7%A4%D7%90%D7%A8%D7%AA_%D7%A9%D7%9C%D7%9E%D7%94/%D7%95%D7%99%D7%A7%D7%A8%D7%90/%D7%91%D7%97%D7%95%D7%A7%D7%AA%D7%99/%D7%91?line=0--%D7%95%D7%99%D7%A7%D7%A8%D7%90-%D7%91%D7%97%D7%95%D7%A7%D7%AA%D7%99-%D7%91,Tiferes Shlomo,,,,
ATI-47,Under Review,where does the tiferes shlomo say that the goal of a rich person is to help others become rich,1,"אם חנן ה' את האדם בעושר וכבוד יהיה עומד ומצפה לראות כן גם אצל חברו
זהו דרך הישר לפני האיש הולך תמים, שיהיה חפצו ורצונו לראות בטובת חברו ולשמוח בישועתו בהשפעות טובות אשר חננו אלקים. וזהו שאמר דוד המלך ע""ה בנעים זמירות (תהלים ד ז-ח) 'רבים אומרים מי יראני טוב כו' נתת שמחה בלבי מעת דגנם ותירושם רבו', כי עיקר שמחתו בטובת הכלל. לכן אם חנן ה' אותו בעושר וכבוד, יהיה עומד ומצפה לראות זאת גם כן אצל חברו. וגם בעניני עבדות הבורא ובתורה וכל הענינים יהיה לבבו שלם כן עם רעהו, לראות בטובת חברו כמו בעצמו:

","The question ""where does the Tiferes Shlomo say that the goal of a rich person is to help others become rich"" is answered by the Target Text, which emphasizes that a person endowed with wealth and honor should desire to see the same fortune in others, reflecting a principle of communal joy and support. This answer is correct and relevant because it illustrates the idea that true fulfillment for a wealthy individual is found in uplifting and sharing their blessings with others, aligning with the teachings of the Tiferes Shlomo.",https://tashma.co.il/books/learn/19019/%D7%AA%D7%A4%D7%90%D7%A8%D7%AA_%D7%A9%D7%9C%D7%9E%D7%94/%D7%93%D7%91%D7%A8%D7%99%D7%9D/%D7%A9%D7%91%D7%AA_%D7%A0%D7%97%D7%9E%D7%95/%D7%99%D7%90?line=0--%D7%93%D7%91%D7%A8%D7%99%D7%9D-%D7%A9%D7%91%D7%AA+%D7%A0%D7%97%D7%9E%D7%95-%D7%99%D7%90,Tiferes Shlomo,,,@New AI Torah please find the tashma link,
ATI-46,Under Review,"where does the tiferes shlomo say that עיקר שמחת העושר - שיש
לו עוד כסף לחלק לצדקה
[the main excitement of the rich person should be his ability to give more charity]",1,"ונחזור לעניננו בפירוש הפסוק 'ושמחת
בכל הטוב וגו' אתה והלוי וגו'', שהעיקר השמחה צריך להיות להאיש שיש לו כל
טוב רק מזה שיוכל לקיים מצות מעשר
וצדקה, ולא לשמח את עצמו בעושר
לבד. וזה פירוש 'ושמחת בכל משלח ידך'
- שעיקר השמחה עם מה שנותן צדקה
ומצוה בממונו. וזהו פירוש הפסוק 'השמר
לך פן תעזוב את הלוי כל ימיך על אדמתך',
שכל ימיו שעובד באדמתו ובתבואתו, צריך
לזכור שכל מה שהוא עושה הוא רק עבור
הלוי כדי לקיים מצות מעשר
""וזהו שאמר הכתוב 'כי תכלה לעשר
את כל מעשר תבואתך', לשון כלות הנפש
כמו שכתוב 'כלתה נפשי', שהאיש הזה
משתוקק ליתן כל מה שיש לו - רק שאינו
רשאי, כמאמר חז""ל 'המרבה במעשר
מעשרותיו מקולקלים'. וזהו שאמר 'שנת
המעשר' שכל השנה מה שהוא עושה -
הכל עבור המעשר ולא עבור עצמו"".","The question about where the Tiferes Shlomo states that the main joy of wealth is the ability to give more charity is answered by the target text, which emphasizes that true joy comes from using one's wealth for charitable purposes, particularly through the practice of tithing and supporting the Levite. This answer is correct and relevant because it directly connects the concept of joy in wealth to the act of giving, aligning with the original query's focus on the importance of charity in the context of riches.",https://tashma.co.il/books/learn/19019/%D7%AA%D7%A4%D7%90%D7%A8%D7%AA_%D7%A9%D7%9C%D7%9E%D7%94/%D7%93%D7%91%D7%A8%D7%99%D7%9D/%D7%9B%D7%99_%D7%AA%D7%91%D7%95%D7%90/%D7%96?line=0--%D7%93%D7%91%D7%A8%D7%99%D7%9D-%D7%9B%D7%99+%D7%AA%D7%91%D7%95%D7%90-%D7%96,Tiferes Shlomo,,,,
ATI-43,Under Review,I need the source in sifrei chasidus that the reason why the מרגלים were not happy and tried making trouble because they didn’t wanna start working they wanted to sit and learn Torah all day but Hashem wanted they should go work and do ישוב העולם,1,"""והנה ענין מרגלים איתא בספרים, שרצונם היה להתענג על התורה במדבר וימאסו בארץ חמדה לחרוש
ולזרוע ולעסוק בגשמיות העולם, ולכאורה אינו מובן שהרי מפורש בכתוב שהיו מתייראים מפני חוזק האמורי יושב הארץ, אך לפי הנ""ל יובן דמאחר
שהם היו נמשכים אחר עריבות ומתיקות התורה להשלמת נפש בחרו לשבת במדבר, והיתה העשיה נחית דרגא להם וטפלה בעיניהם, אך לא כן היה
הרצון עליון כי עיקר צורך גבוה נעשה ע""י עשיה כנ""ל"".

","The original query about the reason the מרגלים were unhappy and reluctant to start working is addressed in the target text, which explains that the מרגלים preferred the enjoyment and sweetness of learning Torah in the desert over engaging in physical labor on the land. This is relevant as it highlights their spiritual inclination versus the necessity of earthly work, aligning with the query's focus on the tension between spiritual pursuits and practical responsibilities.","https://tashma.co.il/books/learn/19006/%D7%A9%D7%9D_%D7%9E%D7%A9%D7%9E%D7%95%D7%90%D7%9C/%D7%91%D7%9E%D7%93%D7%91%D7%A8/%D7%94

https://tashma.co.il/books/learn/19006/%D7%A9%D7%9D_%D7%9E%D7%A9%D7%9E%D7%95%D7%90%D7%9C/%D7%91%D7%9E%D7%93%D7%91%D7%A8/%D7%94?line=20--%D7%91%D7%9E%D7%93%D7%91%D7%A8-%D7%94",Chassidus General,28 (1),,,
ATI-42,Under Review,where does the divrey yoel say that kids good behaviour influences the parents to change for the better as well,1,"כשהבנים מתנהגים בדרך התורה וייטיבו מעשיהם, אז גם אביהם ייטיב דרכו ויתקן מעשיו עוד יותר.","The question ""where does the divrey yoel say that kids good behaviour influences the parents to change for the better as well"" is answered by the Target Text, which states that when children behave according to the Torah and improve their actions, their father will also improve his path and rectify his actions even more. This answer is correct and relevant because it directly illustrates the concept that the virtuous behavior of children can positively influence their parents' actions, aligning with the inquiry about the Divrey Yoel's teachings.",https://tashma.co.il/books/learn/19079/%D7%93%D7%91%D7%A8%D7%99_%D7%99%D7%95%D7%90%D7%9C_%D7%A2%D7%9C_%D7%94%D7%AA%D7%95%D7%A8%D7%94/%D7%93%D7%91%D7%A8%D7%99%D7%9D/%D7%A4%D7%A8%D7%A9%D7%AA_%D7%A8%D7%90%D7%94/%D7%92?line=42--%D7%93%D7%91%D7%A8%D7%99%D7%9D-%D7%A4%D7%A8%D7%A9%D7%AA+%D7%A8%D7%90%D7%94-%D7%92,Divrey Yoel,9 (1),,"type 2*, throw back as type 1",
ATI-41,Under Review,find me where the noam elimelech says that being rich can bring to higher madreigus than by being a tzadik,1,".דאבות לא קיימו יסוד מצות צדקה לגמרי... ועל ידי נתינת צדקה האדם בא גם כן למדריגה יותר גדולה שיוכל לפעול הכל... רחמים גדולים העליונים בא על ידי 'צדקה'...

","The question ""find me where the Noam Elimelech says that being rich can bring to higher madreigus than by being a tzadik"" is answered by the target text, which discusses how giving charity (צדקה) allows a person to reach a higher level (מדריגה) than solely being a righteous person (צדיק). This answer is correct and relevant because it highlights the idea that wealth, when used to perform acts of charity, can elevate a person’s spiritual standing beyond that of merely being righteous.",https://tashma.co.il/books/learn/19013/%D7%A0%D7%95%D7%A2%D7%9D_%D7%90%D7%9C%D7%99%D7%9E%D7%9C%D7%9A/%D7%93%D7%91%D7%A8%D7%99%D7%9D/%D7%93%D7%91%D7%A8%D7%99%D7%9D/%D7%92?line=2--%D7%93%D7%91%D7%A8%D7%99%D7%9D-%D7%93%D7%91%D7%A8%D7%99%D7%9D-%D7%92,Noam Elimelech,6 (1),,"not type 1, questions","T1Q7 (https://www.notion.so/T1Q7-24ce3a6aac1680d7bf98cbeef665e03c?pvs=21) "
ATI-40,Under Review,find me the source in divrey yoel if a person yearns to support people who study torah hashem will make sure that he gets the money,1,".ולכאורה אם אין סיפק בידו להחזיק כיצד החזיק בעמלי תורה, אלא ודאי דאף מי שאין בידו להחזיק אם הוא חפץ באמת להחזיק לומדי תורה יסייעהו השי""ת שיוכל להחזיק.

","The question ""{{Original Query}}"" is answered by the text ""{{Target Text}}"" which states that even if someone lacks the means to support Torah scholars, their genuine desire to do so will lead Hashem to assist them in obtaining the necessary funds. This answer is correct and relevant because it directly addresses the principle that sincere intentions to support Torah study will be met with divine assistance, thereby affirming the importance of one's aspirations in the context of financial support for learning.",https://tashma.co.il/books/learn/19079/%D7%93%D7%91%D7%A8%D7%99_%D7%99%D7%95%D7%90%D7%9C_%D7%A2%D7%9C_%D7%94%D7%AA%D7%95%D7%A8%D7%94/%D7%91%D7%9E%D7%93%D7%91%D7%A8/%D7%A4%D7%A8%D7%A9%D7%AA_%D7%91%D7%9E%D7%93%D7%91%D7%A8/%D7%99?line=20--%D7%91%D7%9E%D7%93%D7%91%D7%A8-%D7%A4%D7%A8%D7%A9%D7%AA+%D7%91%D7%9E%D7%93%D7%91%D7%A8-%D7%99,Divrey Yoel,,,,"T1Q4 (https://www.notion.so/T1Q4-24ce3a6aac1680e2bfc4d52b39222bb4?pvs=21) "
ATI-39,Under Review,find me the source in which the divrey yoel says that being rich in itself can be considered to be a mitzvah. because of the mitzvohs that it enables.,1," עשר בשביל שתתעשר... שהעשירות עצמו אינו לשם קבלת פרס, אלא שהוא לתכלית הנרצה שעל ידי כך יוכלו לקיים תורה ומצות, שעל כן זה עצמו נחשב למצוה, ולכן שפיר רשאי לעשר בשביל שיתעשר...","The original query asks for a source from the Divrey Yoel that states being rich can be considered a mitzvah because of the mitzvos it enables. The target text directly addresses this by stating that wealth allows one to fulfill Torah and mitzvos, thereby making the attainment of wealth itself a mitzvah. This answer is correct and relevant as it provides the justification for why wealth is viewed as beneficial in the context of religious obligations.",https://tashma.co.il/books/learn/19080/%D7%93%D7%91%D7%A8%D7%99_%D7%99%D7%95%D7%90%D7%9C_%D7%A2%D7%9C_%D7%94%D7%9E%D7%95%D7%A2%D7%93%D7%99%D7%9D/%D7%A9%D7%91%D7%95%D7%A2%D7%95%D7%AA/%D7%A7%D7%95?line=22--%D7%A9%D7%91%D7%95%D7%A2%D7%95%D7%AA-%D7%A7%D7%95,Divrey Yoel,13 (1),,"split into 4, ea",
ATI-38,Under Review,where does the tiferes shlomo say that a father in law shouldn’t bother his son in law to go to work if he is sitting and learning?,1," ...הנה מתעורר נגדו היצה""ר לקומם חותנו עליו להטותו מדרכו. ומתחלה בא עליו בדברים רכים... אתה בני לא טוב לך שבת תמיד בית התורה... רק שים לבך גם על עניני עוה""ז... והוא גם הוא מצוה רבה...","The question regarding where the Tiferes Shlomo states that a father-in-law should not pressure his son-in-law to work while he is engaged in learning is addressed in the target text, which suggests that the father-in-law initially approaches his son-in-law with gentle words, emphasizing the importance of both Torah study and worldly matters. This answer is correct and relevant as it highlights the respectful and gentle approach a father-in-law should take, reinforcing the value of the son-in-law's dedication to learning.",https://tashma.co.il/books/learn/19019/%D7%AA%D7%A4%D7%90%D7%A8%D7%AA_%D7%A9%D7%9C%D7%9E%D7%94/%D7%91%D7%A8%D7%90%D7%A9%D7%99%D7%AA/%D7%95%D7%99%D7%A6%D7%90/%D7%9B%D7%91,Tiferes Shlomo,11 (1),,,
ATI-37,Under Review,find me the source in divrey yoel where he says that concept that the main yetzias mitzrayim was removing the exile mentality because its harder to take out the jew from egypt than to remove egypt from the jew,1,"יבואר הענין מה שאמר משה מי אנכי כי אלך אל פרעה וכי אוציא את בנ""י ממצרים, ומה שהשיב לו השי""ת בהוציאך את העם ממצרים תעבדון את האלקים על ההר הזה, ויובן עפימ\""ש המפרשים דעיקר הנס דיציאת מצרים ויסודו, הי' להוציאם מטומאת מצרים שהיו משוקעים בה, ואין הכוונה רק על היציאה כפשוטו, ועפי""ז פירשתי מאמר הכתוב או הנסה אלקים לבוא לקחת לו גוי מקרב גוי וגו' ככל אשר עשה לכם ד' וגו' הכוונה שהוציא השי""ת מקרבם ומפנימיות לבבם טומאת מצרים, שנשתרש בקרבם במשך ימי גלותם, וזה גוי מקרב גוי, וזה הי' עיקר היציאה, וז""ש משה רבינו להשי""ת שאתה שולח אותי להוציא את בנ""י ממצרים על בחי' זו להוציאם מטומאת מצרים, אבל דבר זה תלוי בבחירת הלב, וכבר הורגלו ונמשכו אחר טומאת מצרים ומדותיהם הרעים, ואיך אוציא את בנ""י ממצרים, ולא שקטרג ח""ו עליהם לשאול באיזה זכות, אבל רצה לידע איך ובאיזה אופן יעשה זאת להוציאם מטומאתם ולהוציא טומאת מצרים מקרבם.","The question regarding the main concept of the Exodus (יְּצִיאַת מִצְרָיִם) being the removal of the exile mentality is addressed in the target text by discussing how the primary purpose of the Exodus was to extract the Israelites from the impurity of Egypt that had permeated their hearts during their time in exile. This answer is correct and relevant as it emphasizes that the true challenge lies not just in physically leaving Egypt but in transforming the inner mindset of the people, aligning with the original query's focus on the difficulty of removing Egypt from the Jew.",https://tashma.co.il/books/learn/19079/%D7%93%D7%91%D7%A8%D7%99_%D7%99%D7%95%D7%90%D7%9C_%D7%A2%D7%9C_%D7%94%D7%AA%D7%95%D7%A8%D7%94/%D7%A9%D7%9E%D7%95%D7%AA/%D7%A4%D7%A8%D7%A9%D7%AA_%D7%A9%D7%9E%D7%95%D7%AA/%D7%99%D7%97?line=41--%D7%A9%D7%9E%D7%95%D7%AA-%D7%A4%D7%A8%D7%A9%D7%AA+%D7%A9%D7%9E%D7%95%D7%AA-%D7%99%D7%97,Divrey Yoel,14 (1),https://tashma.co.il/books/learn/19079/%D7%93%D7%91%D7%A8%D7%99_%D7%99%D7%95%D7%90%D7%9C_%D7%A2%D7%9C_%D7%94%D7%AA%D7%95%D7%A8%D7%94/%D7%95%D7%99%D7%A7%D7%A8%D7%90/%D7%A4%D7%A8%D7%A9%D7%AA_%D7%90%D7%9E%D7%95%D7%A8/%D7%9B%D7%93?line=6--%D7%95%D7%99%D7%A7%D7%A8%D7%90-%D7%A4%D7%A8%D7%A9%D7%AA+%D7%90%D7%9E%D7%95%D7%A8-%D7%9B%D7%93,type 2,
ATI-36,Under Review,"Find me the source in divrey yoel that the reason why hashem didn't split the sea immediately, and only split after they cried out to Hashem was becasue he was yearning to hear their voice in prayer",1,"איתא במד""ר כאן בפ' בשלח (פכ""א ס""ה) באותה שעה היו ישראל עומדים ולא היו יודעים מה לעשות, והי' הים סוגר והשונא רודף והחיות מן המדבר וכו' ולמה עשה הקב""ה להם כך, אלא שהי' הקב""ה מתאוה לתפלתן וכו', מה עשה גירה לפרעה לרדוף אחריהם שנא' ופרעה הקריב, מיד ויצעקו בנ""י אל ד', באותה שעה אמר הקב""ה לכך הייתי מבקש לשמוע קולכם שנא' (שה""ש ב') יונתי בחגוי הסלע וגו' השמיעני את קולך וגו' עכ""ד המדרש

","The original query asks for the reason why Hashem did not split the sea immediately and only did so after the Israelites cried out, which is answered by the target text that explains Hashem yearned to hear their voice in prayer. This answer is correct and relevant because it directly cites the midrash, indicating that the delay was intentional to evoke their prayers, highlighting the importance of seeking divine help.",https://tashma.co.il/books/learn/19079/%D7%93%D7%91%D7%A8%D7%99_%D7%99%D7%95%D7%90%D7%9C_%D7%A2%D7%9C_%D7%94%D7%AA%D7%95%D7%A8%D7%94/%D7%A9%D7%9E%D7%95%D7%AA/%D7%A4%D7%A8%D7%A9%D7%AA_%D7%91%D7%A9%D7%9C%D7%97/%D7%91?line=14--%D7%A9%D7%9E%D7%95%D7%AA-%D7%A4%D7%A8%D7%A9%D7%AA+%D7%91%D7%A9%D7%9C%D7%97-%D7%91,Divrey Yoel,5 (1),,,"T1Q6 (https://www.notion.so/T1Q6-24ce3a6aac1680d58e20f4bceaee799a?pvs=21) "
ATI-16,Under Review,"find the source from דברי יואל where he says that even if the donor money is ultimately from hashem, his reward is that he is rewarded as if it were his and he gave it away.",1,"
 פירשתי במאמה""כ (פ' ראה) איש כמתנת ידו וגו' דלכאורה צ""ב הלשון כמתנת ידו בכ""ף הדמיון, ונל""פ דהנה הקב""ה פורע לכל ישראל מה שנותן לצדקה, וכמו שאמרו ז""ל אין אדם נעשה עני מצדקה, ולכאורה כיון שהקב""ה מחזיר הכל אל הנותן א""כ אין זה מתנת ידו ורק משל הקב""ה הוא נותן, אמנם הקב""ה מחשיבו אליו כאילו הי' מתנת ידו, ומתברך על ידו כאילו הי' נותן משלו ממש, וז""פ איש כמתנת ידו שנחשב אצל הקב""ה כאילו הי' מתנת ידו, כברכת ה""א אשר נתן לך ר""ל דלענין זה נחשב כמתנת ידו שהשי""ת יברך אותו בשביל הנתינה.

","The question about whether a donor is rewarded for giving money that ultimately comes from Hashem is answered in the target text by explaining that although God returns what is given to charity, He considers it as if it were the donor's own gift, thereby rewarding them as if they had given from their own resources. This answer is correct and relevant because it clarifies the concept that the act of giving is valued by God, regardless of the source of the funds.","https://tashma.co.il/books/learn/19079/%D7%93%D7%91%D7%A8%D7%99_%D7%99%D7%95%D7%90%D7%9C_%D7%A2%D7%9C_%D7%94%D7%AA%D7%95%D7%A8%D7%94/%D7%91%D7%A8%D7%90%D7%A9%D7%99%D7%AA/%D7%A4%D7%A8%D7%A9%D7%AA_%D7%95%D7%99%D7%97%D7%99/%D7%96?line=16--%D7%91%D7%A8%D7%90%D7%A9%D7%99%D7%AA-%D7%A4%D7%A8%D7%A9%D7%AA+%D7%95%D7%99%D7%97%D7%99-%D7%96
",Divrey Yoel,16,,,
ATI-7,Under Review,"Find me the prayer from baal shem tov about this “even if evil is ultimately for good, we ask hashem to please transform evil into complete good , while still accomplishing the same beneficial purpose.”",1,"לשון התפילה משמי' קדישא דמרן הבעש""ט הק' זי""ע: ""רבונו של עולם, אני יודע שגם הרעה היא לטובה, אך שאתה אל ולא אדם, ותוכל לעשות מרעה טובה ממש, שלא יהיה שום בחינת רע, ואף על פי כן יהיה לטובה בכל העניינים...""","The question ""even if evil is ultimately for good, we ask Hashem to please transform evil into complete good, while still accomplishing the same beneficial purpose"" is answered by the target text, which includes a prayer from the Baal Shem Tov expressing the understanding that even negative experiences can ultimately lead to positive outcomes. The answer is correct and relevant because it directly reflects the sentiment of seeking divine intervention to transform negativity into absolute goodness while retaining the intended benefits.",https://tashma.co.il/books/learn/19047/%D7%9E%D7%A7%D7%95%D7%A8_%D7%9E%D7%99%D7%9D_%D7%97%D7%99%D7%99%D7%9D/%D7%95%D7%99%D7%A9%D7%9C%D7%97/%D7%90?line=0--%D7%95%D7%99%D7%A9%D7%9C%D7%97-%D7%90,Chassidus General,7,,,"T1Q8 (https://www.notion.so/T1Q8-24ce3a6aac1680999b72ef925aafec8f?pvs=21) "
ATI-4,Under Review,find in tiferes shlomo 'And the children struggled within her'. he says that it was because she thought it was a conflicted person,1,"..כאשר ראתה רבקה אמנו שהתרוצצו הבנים סברה כי הוא אדם אחד אשר פעם חשקו ללכת לבהמ""ד ופעם חשקו ללכת לפתחי ע""ג... ויאמר ה' לה שני גוים בבטנך. כי באמת הם שנים יעקב ועשו…

","The question ""{{Original Query}}"" is answered by ""{{Target Text}}"" as it describes Rivka's belief that the struggling children within her were indicative of a single conflicted person, which aligns with the interpretation provided in Tiferes Shlomo. This answer is correct and relevant because it directly addresses the reasoning behind Rivka's perception of the conflict she sensed, connecting her thoughts to the biblical narrative.",https://tashma.co.il/books/learn/19019/%D7%AA%D7%A4%D7%90%D7%A8%D7%AA_%D7%A9%D7%9C%D7%9E%D7%94/%D7%91%D7%A8%D7%90%D7%A9%D7%99%D7%AA/%D7%AA%D7%95%D7%9C%D7%93%D7%95%D7%AA/%D7%98?line=0--%D7%91%D7%A8%D7%90%D7%A9%D7%99%D7%AA-%D7%AA%D7%95%D7%9C%D7%93%D7%95%D7%AA-%D7%98,Tiferes Shlomo,4,,,"T1Q5 (https://www.notion.so/T1Q5-24ce3a6aac168051b4c5d917fc022d17?pvs=21) "
ATI-1,Under Review,"Can u find this concept in divrey yoel?

even if evil is ultimately for good, transform evil into complete good , while still accomplishing the same beneficial purpose",1,"וזה שהתפלל יה""ר שתציץ בבשתינו ותביט  ברעתנו, היינו שתבטל מעלינו אפילו אותה רעה שהיא רעה אצלינו לעיני בשר שלנו, ואע""פ שבאמת טובה גנוזה בגוה, מ""מ כיון שאצלינו הוא צער גדול וכשל כוחינו לסבול על כן תבטל מעלינו גם את הצער הזה, ואמנם גם את הטוב הגנוז בו לא נפסיד, דעל הטובה שהיתה עתידה לצאת מזה תקבל שועתינו עוה""פ ותתלבש ברחמיך ותושיענו בטובה ההיא.

","The question ""Can u find this concept in divrey yoel?"" is addressed by the target text, which expresses a plea for divine intervention to remove even the suffering that seems negative, while acknowledging that there may be hidden good within it. This answer is correct and relevant as it illustrates the concept of transforming perceived evil into a complete good, aligning with the original query's request for such a transformation while achieving beneficial purposes.",https://tashma.co.il/books/learn/19080/%D7%93%D7%91%D7%A8%D7%99_%D7%99%D7%95%D7%90%D7%9C_%D7%A2%D7%9C_%D7%94%D7%9E%D7%95%D7%A2%D7%93%D7%99%D7%9D/%D7%A4%D7%A8%D7%A4%D7%A8%D7%90%D7%95%D7%AA/%D7%90?line=27--%D7%A4%D7%A8%D7%A4%D7%A8%D7%90%D7%95%D7%AA-%D7%90,Divrey Yoel,1,,,"T1Q1 (https://www.notion.so/T1Q1-24ce3a6aac1680ac8f0efe7eceaa0555?pvs=21) 

"
ATI-44,Unreviewed,שתפקיד האדם בעולמו להיות בטל לרצון ה' ולא לדאוג לשטייגען של עצמו…,3,,"The text discusses the role of a person in the world, emphasizing that one should align their will with God's desires rather than focusing solely on personal ambitions. It suggests that true fulfillment comes from surrendering to divine will and not being overly concerned with one's own progress or achievements.",,,,,,
ATI-35,Unreviewed,Any source that it's a mitzvah to work.,3,,"The query in the document seeks sources that support the idea that working can be considered a mitzvah, or a good deed. This suggests an exploration of the relationship between labor and religious duty in Jewish thought, emphasizing the importance of work as both a practical necessity and a spiritual obligation.",,,,,,
ATI-33,Unreviewed,Need a source for מחלוקת קורח that if it’s לשם שמים you go all the way even if you hurt people on the way and you don’t say here be gentle,3,,"The text discusses the concept of מחלוקת קורח (the dispute of Korach) in the context of pursuing a cause for the sake of Heaven (לשם שמים). It suggests that such a pursuit may justify extreme actions, even if they cause harm to others, emphasizing a lack of gentleness in the approach to achieving one's goals in this context.",,,32,,,
ATI-30,Unreviewed,"Hashem created the world. People should work in it, לעבדה ולשמרה and He didn't create it just for people to sit and enjoy it. נהמא דכסיפין and to seat על סירי הבשר That's why when the מרגלים went there, to spy they saw ""We're going to need to work,"" so that means we're not going to be able to learn all day we are not going to be able to be עובד השם. ""Oh, we don't want to go there,"" so they came up with their false stories. But that's why Hashem created the world for people to work because שתפקיד האדם בעולמו להיות בטל לרצון ה' ולא לדאוג לשטייגען של עצמו…",3,,"The original query discusses the purpose of creation, emphasizing that Hashem created the world for people to work and fulfill His will, rather than merely to enjoy it. This is answered by the text, which explains that the spies (מרגלים) realized they would need to work in the land and that this was contrary to their desire for a life dedicated solely to spiritual study. This answer is correct and relevant as it directly connects the concept of work in the world to fulfilling divine purpose, reflecting the original query's themes.",,,29,,,
ATI-29,Unreviewed,the reason why the מרגלים were not happy and tried making trouble because they didn’t wanna start working they wanted seat and learn Torah all day but Hashem wanted they should go work and do ישוב העולם,3,"בספר שם משמואל )בפרשתן(: ""והנה ענין מרגלים איתא בספרים, שרצונם היה להתענג על התורה במדבר וימאסו בארץ חמדה לחרוש
ולזרוע ולעסוק בגשמיות העולם, ולכאורה אינו מובן שהרי מפורש בכתוב שהיו מתייראים מפני חוזק האמורי יושב הארץ, אך לפי הנ""ל יובן דמאחר
שהם היו נמשכים אחר עריבות ומתיקות התורה להשלמת נפש בחרו לשבת במדבר, והיתה העשיה נחית דרגא להם וטפלה בעיניהם, אך לא כן היה
הרצון עליון כי עיקר צורך גבוה נעשה ע""י עשיה כנ""ל"".



 שפתי צדיק הביא בשם זקנו 
החידושי הרי""ם זי""ע: ""ושמעתי מפ""ק
אא""ז מו""ר זצ""ל, שהמרגלים היתה
כוונתם לטובת ישראל לבד, שראו ישראל
עומדים שם במצב טוב מאוד לומדים
תורה אצל מרע""ה ואין להם שום טרדה
מטרדת עוה""ז, לא ממזון ולא מכסות, רק
כולם עוסקים בעבדות הש""י וניזונים לחם
מן השמים, היו חסים על ישראל שיכנסו
לארץ ויהי' להם טרדות עוה""ז בעבודת
הארץ, וסיכנו עצמם עבור טובת ישראל,
ופעלו שנתעכבו ישראל במדבר עוד
ארבעים שנה, ונזונו לחם מן השמים. אך
ג ,
אף על פי כן לא הי' זה לרצון בשמים
משום שלא טוב לומר עצות בהנהגת
הש""י, שמסתם כמו שמנהיגין משמים כן
הוא לטובתנו"".","The original query about why the מרגלים (spies) were unhappy and tried to create trouble is answered by the target text, which explains that their desire to remain in the desert and focus on studying Torah stemmed from a wish to protect the Israelites from the burdens of worldly life in the land. However, it emphasizes that this intention was not aligned with Hashem's will, as He intended for them to engage in the work of settling the land. This answer is correct and relevant because it highlights the contrast between the spies' personal desires and the divine plan, illustrating the broader theme of obedience to God's direction over personal inclination.",שם משמואל שפתי צדיק,,28,,,
ATI-20,Unreviewed,When the yidden cried out to hashem at the yam he said stop cuz... they were just complaining,3,,"The text discusses a moment when the Israelites cried out to Hashem at the Yam (Sea), and Hashem instructed them to stop complaining. It highlights the importance of sincere prayer and the need to focus on faith rather than complaints during challenging times.",,,19,,,
ATI-19,Unreviewed,Y r u not successful? Cuz u don't believe in yourself,3,,"The text poses a rhetorical question about the lack of success, attributing it to a lack of self-belief. It suggests that believing in oneself is a crucial factor for achieving success.",,,18,,,
ATI-14,Unreviewed,you need to be rich so you can do more mitzvas,3,"דברי יואל: עשר בשביל שתתעשר... שהעשירות עצמו אינו לשם קבלת פרס, אלא שהוא לתכלית הנרצה שעל ידי כך יוכלו לקיים תורה ומצות, שעל כן זה עצמו נחשב למצוה, ולכן שפיר רשאי לעשר בשביל שיתעשר...","The Original Query states that you need to be rich to perform more mitzvas, which is answered by the Target Text emphasizing that wealth is not for personal gain but to enable the fulfillment of Torah and mitzvas, thus making the act of giving (tithing) itself a mitzvah. This answer is correct and relevant because it clarifies that the purpose of wealth is to facilitate religious obligations rather than to seek rewards.",,,14,,type 2,
ATI-12,Unreviewed,without money we cant do anything,3,דברי יואל: כי בלא ממון אין אפשרות לפעול כלום.,"The question ""without money we can't do anything"" is answered by the Target Text ""דברי יואל: כי בלא ממון אין אפשרות לפעול כלום,"" which translates to ""Joel's words: for without money, it is impossible to act."" This answer is correct and relevant as it directly emphasizes the necessity of money for any action or activity, aligning perfectly with the original query's assertion.",,,1,,type 3,
ATI-9,Unreviewed,kids good behavior influences the parents to change for the better as well,3,"דברי יואל: כשהבנים מתנהגים בדרך התורה וייטיבו מעשיהם, אז גם אביהם ייטיב דרכו ויתקן מעשיו עוד יותר.","The text emphasizes that when children behave according to the teachings of the Torah and improve their actions, it positively influences their father, prompting him to also enhance his behavior and make further improvements. This illustrates the interconnectedness of family dynamics and moral conduct.",,,9,,"type 2*, throw back as type 1",
ATI-8,Unreviewed,someone who doesn't conduct themselves rich can harm others?,3,"הנה""ק מנאסויד זי""ע שמע מפה קדשו שלמרן הגה""ק בעל ייטב לב זי""עשכאשר נסע בפעם הראשונה לרוזין להסתופף בצילו של
הרה""ק מרוזין זי""ע,כשהגיע לביתו של הרוזישנער ראה שםיהודי שהיה לבוש בבגדי מלכות, והיטבלב חשב שזה אחד ממשמשי הרוזישענער,ושאל אותו האם יכולים להיכנס אל הרבי,ענה לו היהודי, איתא בגמרא 'כל העולםכולו ניזון בשביל חנינא בני וחנינא בני דילו בקן חרובים', והפירוש הוא כך, דאיתאבשו""ע (חו""מ סי' ס' ס""ג) כי המבטיח לחבירוליתן לו 'מזונות', אין צריך לתת לו אלאאכילה ושתיה בלבד, אבל אם הבטיחו'פרנסה', חייב ליתן לו גם שאר צרכיובהרחבה עיי""ש, והרי לן דמזוני הוא עניןשל 'לחם לאכול' בלבד, ואילו ""פרנסה""הוא לשון של ""הרחבה וכל צרכי בניאדם"".
וזה מה שמלמדינו התנא: אתם יודעים
למה כל העולם רק 'ניזון' באופן של
צמצום ולא בשפע, 'בשביל חנינא בני', ר""ל
מחמת שההשפעה אינה יורדת לעולם אלא
באמצעות ה'שביל' שעושה הצדיק משמים
להמשיך משם שפע טוב, ומאחר ש'חנינא
בני דיו בקב חרובים', ואינו צריך יותר,
לכן גם אינו ממשיך לעולם אלא מזונות
בצמצום כשיעור שהוא עצמו משתמש בה
לקיום חיותו.

כשסיים האיש את דבריו, תפס הייטב לב
תפס שזה הוא הרוזישנער בעצמו
והתחיל לרעוד מפחד שתפס מחשבתו
שהתפלא על כל גינוני העשירות.
עטרת יהושע לשבה""ג, עמ' כ""ז","The text explains that the reason the world only receives minimal sustenance ('nizun') instead of abundance is due to the limited spiritual influence from the righteous, such as 'Hanina ben Dosa.' This indicates that when one does not embody richness in spirit or conduct, they may inadvertently restrict the flow of blessings to others, aligning with the query about the potential harm caused by not conducting oneself with a sense of richness. The answer is relevant because it illustrates the connection between individual spiritual conduct and the broader impact on societal prosperity.",,,8,,type 2,
ATI-6,Unreviewed," being rich can bring to higher madreigus than by being a tzadik",3,"נועם אלימלך, דברים: ...דאבות לא קיימו יסוד מצות צדקה לגמרי... ועל ידי נתינת צדקה האדם בא גם כן למדריגה יותר גדולה שיוכל לפעול הכל... רחמים גדולים העליונים בא על ידי 'צדקה'...

","The text discusses the idea that fulfilling the commandment of charity (tzedakah) can elevate a person to a higher spiritual level, even beyond that of a righteous person (tzadik). It emphasizes that through acts of giving, one can access greater divine compassion and achieve a more significant influence in the world.",נועם אלימלך ספר דברים דברים ג ג,,6,,"not type 1, questions","T1Q7 (https://www.notion.so/T1Q7-24ce3a6aac1680d7bf98cbeef665e03c?pvs=21) "
ATI-3,Unreviewed,if a person yearns to support torah hashem will make sure that he gets the money,3,"דברי יואל, משפטים: ...ולכאורה אם אין סיפק בידו להחזיק כיצד החזיק בעמלי תורה, אלא ודאי דאף מי שאין בידו להחזיק אם הוא חפץ באמת להחזיק לומדי תורה יסייעהו השי""ת שיוכל להחזיק.

","The original query, ""if a person yearns to support torah hashem will make sure that he gets the money,"" is answered by the target text which states that even someone who lacks the means to support Torah study, if they truly desire to do so, will receive divine assistance to enable them to support Torah learners. This answer is correct and relevant as it emphasizes the belief that sincere intentions to support Torah will be met with help from God, aligning with the query's theme of divine provision for those who wish to contribute.","דברי יואל על במדבר פרשת במדבר מאמר י פסקה כב ",,3,,not type 1,"T1Q4 (https://www.notion.so/T1Q4-24ce3a6aac1680e2bfc4d52b39222bb4?pvs=21) "
ATI-67,Unreviewed,what does the divrey yoel say on the topic of taking finiancail help from the israeli government?,2,,"The question ""what does the divrey yoel say on the topic of taking financial help from the Israeli government?"" is not answered in the provided document as it contains no relevant content addressing the query. Therefore, it is correct and relevant to state that the document lacks information regarding the Divrey Yoel's stance on financial assistance from the Israeli government.",,,,,,
ATI-65,Unreviewed,"למה ברא הקב""ה
העולם באופן כזה שצריך השתדלות, וכי לא היה טוב הרבה שהאדם ישיג פרנסתו על מי מנוחות? וכי בשביל מה צריך
יהודי פרנסה - הלא רק למצוות ומעשים טובים?",2,,"The question ""למה ברא הקב""ה את העולם באופן כזה שצריך השתדלות, וכי לא היה טוב הרבה שהאדם ישיג פרנסתו על מי מנוחות?"" addresses why God created the world in a way that requires effort, rather than allowing for easy sustenance. The answer implies that the purpose of work is not merely for sustenance but is integral to fulfilling commandments and performing good deeds, which enriches spiritual life. This answer is correct and relevant as it emphasizes the value of effort in achieving a meaningful existence aligned with divine intentions.",,,,,,
ATI-56,Unreviewed,,2,ויקחו לי תרומה אגרא דכלה,"The phrase ""ויקחו לי תרומה אגרא דכלה"" translates to ""And they shall take for me a contribution, the reward of the bride."" This text emphasizes the importance of contributions and offerings, highlighting the idea of giving as a means to achieve a higher purpose or fulfillment in a communal context. It underscores the significance of generosity in spiritual and communal endeavors.",,,,,,
ATI-55,Unreviewed,"Is it allowed to promise money even if you don't have it in order to give charity? ",2,"
ואפ""ל עוד טעם לשבח דמי שכוונתו ומחשבתו רצויה מותר לו לנדור אף שאין מספיק בידו ליתן מיד, כי מי שדעתו רצויה ה''ה משתתף בצערו של הנצרך, וממילא לא ירע לבבו על הנתינה, אדרבה יותר יכאב לבבו על צרת חבירו שנצרך לקבל נדבתו, וא\""כ שמשתתף בצערו של המקבל, הרי נחשב לו כעת צרה, ופסקו הטור והשו""ע בהלכות נדרים (סימן ר''ג ס\""ז) בעת צרה מותר לנדור ואפילו הרי עלי, ואולי דבכה\""ג ליכא למיחש דלמא אתי לידי תקלה, דבודאי יקיים נדרו, ו","The question of whether one can promise money for charity even if they do not currently have it is addressed in the target text, which states that if a person's intention and thoughts are good, they are permitted to make such a vow. This is relevant because it emphasizes the importance of sincere intention in charitable giving, indicating that the emotional connection to the plight of the recipient can justify making a promise to give, even without immediate means.",,,,,,
ATI-54,Unreviewed,,2,tiferes shlomo pekudei moshe rich,"The text ""tiferes shlomo pekudei moshe rich"" likely refers to the teachings or interpretations related to the portion of ""Pekudei,"" which concludes the book of Exodus. It typically focuses on themes of divine presence, the importance of community contributions to the sanctuary, and the significance of fulfilling God's commandments with sincerity and beauty in worship.",,,,,,
ATI-53,Unreviewed,how can a person appreciate his tafkid in the world even if it sounds very not special or extraordinary,2,"רביה""ק מסאטמאר: להזהיר את הגדולים על הדברים הקטנים
וכאשר נבוא להמתיק דברים נשגבים אלו לאנשים כערכנו, נלמד יסוד גדול אחד המבואר בפסוק הראשון של פרשתנו. אמור אל הכהנים בני אהרן - אמור נא אל האדם שנמצא במצב של גדלות המוחין, מצב של 'כהנים'. ומתי הוא בגדלות המוחין, כאשר הוא בבחינת 'בני אהרן', היינו, כאשר עושה הוא את שליחותו ותפקידו בעולם באמת ובתמים. ואמרת אליהם, שגם כאשר לצורך שליחותם הם צריכים לעסוק בדברים הנראים כדברים קטנים ונמוכים, מכל-מקום, לנפש לא יטמא בעמיו, שלא יזלזל אותו אדם בעצמו, ויזכור תמיד שבכל דבר קטן שהוא עושה הוא ממלא את תפקידו הגדול בעולמו של הקב""ה.
ולא מלבנו בדינו דברים אלו, כי אם יצאו דיבורי הקודש מפום ממלל רברבן רביה""ק מסאטמאר זלה""ה (חידושי תורה עמ' שסב, במסיבת מלוה מלכה עבור מקוה טהרה בשכונת איסט סייד, מוצש""ק אמור תשי""ד), שאמר שם אמירה נעימה לגבי רבני ישראל, שמוטל עליהם כל מיני דברים, הן דברים גדולים הוא סוגי' דמנה לי בידך והלכות טריפות, והן דברים קטנים הוא לעסוק בצדקה עבור עניי ישראל וללמד לפשוטי עם הלכות חמורות. וע""ז מזהיר הכתוב אמור ואמרת - להזהיר גדולים על הקטנים - שגם הגדולים אין להם להניח עצמם רק בעניינים העומדים ברומו של עולם, אלא יש להם לעסוק גם בהלכות הנחשבים כקטנים ופעוטים","The question of how a person can appreciate their role in the world, even if it seems ordinary, is addressed in the text by emphasizing that every task, regardless of its perceived significance, contributes to fulfilling one's divine purpose. The answer is correct and relevant because it highlights the importance of recognizing the value in small actions, as they are part of a greater responsibility in serving a higher purpose.",,,,,,
ATI-52,Unreviewed,how did ppl do tzedaka in the midbar if everyone had their needs met,2,,"The query explores the practice of tzedaka (charity) among the Israelites in the midbar (desert), questioning how it was conducted when everyone's needs were seemingly met. This raises interesting discussions about the nature of giving and the importance of supporting others even in times of abundance, highlighting the values of community and generosity in Jewish tradition.",,,,,,
ATI-34,Unreviewed,"Hasidic seforim—both printed and online—that quote or reference the passage from the Midrash about God’s prior gifts before human mitzvah performance (e.g., ""מי הקדימני ואשלם"").",2,,"The query seeks references from Hasidic seforim, both printed and online, that discuss the Midrashic passage regarding God's prior gifts to humanity before they perform mitzvot, particularly the phrase ""מי הקדימני ואשלם"" (""Who has preceded me that I should repay?""). This highlights the concept of divine generosity and the idea that human actions are a response to God's initial gifts.",,,33,,,
ATI-32,Unreviewed,what was the motivation of the meraglim to lie about what they saw,2,,"The motivation of the meraglim (spies) to lie about what they saw stemmed from fear and a lack of faith in God's promise. They exaggerated the dangers they encountered in the land of Canaan, which led to distrust among the Israelites and ultimately resulted in their reluctance to enter the Promised Land.",,,31,,,
ATI-28,Unreviewed,Find me sources if someone needs to sit and study in kOLLEL,2,,"The document is a brief note indicating that the status is unreviewed and mentions a specific query regarding sources for studying in a Kollel. It notes the absence of references to ""קדושת לוי"" and ""מאור עינים,"" suggesting that these sources may be relevant for the inquiry. The focus is on finding appropriate resources for individuals seeking to engage in study within a Kollel environment.",,,27,,you are missing קדושת לוי ומאור עינים https://ituria.site/chat/2gdfwOzZfCoqqc73p206U,
ATI-27,Unreviewed,What's the difference between learning all day or working all day?,2,,The document poses a query about the distinction between spending an entire day learning versus working. It invites exploration of how each activity impacts personal growth and productivity.,,,26,,,
ATI-26,Unreviewed,what should a person do if he is praying and praying and not getting answered?,2,,"When a person is praying and feels that their prayers are not being answered, they should reflect on their intentions and the nature of their requests. It's important to remember that prayer is not just about receiving answers but also about building a connection with the Divine and finding inner peace. Persistence in prayer, alongside faith and self-reflection, can lead to spiritual growth, even if immediate answers are not evident.",,,25,,,
ATI-25,Unreviewed,find prayers in tiferes shlomo,2,,"The document contains a query regarding the search for prayers in ""Tiferes Shlomo."" It is currently unreviewed and classified as a Query Type 2. The original query ID is 25.",,,24,,,
ATI-24,Unreviewed,NEED MOTVIATION TO PRAY”,2,,"The text addresses the need for motivation to engage in prayer, emphasizing the importance of connecting with one's spirituality and the benefits of prayer as a means to gain clarity and strength. It encourages individuals to reflect on their intentions and the positive impact that prayer can have on their daily lives, fostering a deeper relationship with the divine.",,,23,,,
ATI-23,Unreviewed,how do I have kavannah during tefillah?,2,,"The document poses a query about achieving kavannah, or focused intention, during tefillah, which refers to Jewish prayer. It seeks guidance on how to enhance one's mindfulness and spiritual connection while engaging in prayer, emphasizing the importance of concentration in this religious practice.",,,22,,,
ATI-22,Unreviewed,HOW MUCH השתדלות DO I NEED TODO,2,,"This document poses a question regarding the amount of effort (השתדלות) one needs to exert in various situations. It suggests that the answer may depend on the context and the specific goals one is trying to achieve, reflecting on the balance between human effort and divine assistance in fulfilling one's aspirations.",,,21,,,
ATI-21,Unreviewed,what should a person do if he is praying and praying and not getting answered,2,,"The text poses a question about the situation where a person prays repeatedly but feels their prayers are not being answered. It suggests a need for reflection on one's approach to prayer, emphasizing that persistence in faith and seeking understanding in the silence can be crucial. This inquiry encourages individuals to explore their spiritual journey and the meaning behind unanswered prayers.",,,20,,,
ATI-17,Unreviewed,"Need sources that Satmar Rebbe , did not LIKE Neturei Karta",2," ב(: ""שהיות שהשטן מתערב בקנאות להשחית ע""י שעושה בה מעשים בלא חכמה ע""י שלא הגענו לידי תיקון המדות
כראוי בכל ענינים ע""כ צריך לאפושי ברחמים על סייעתא דשמיא בזה"".
","The target text discusses the interference of the satan (שטן) in causing harm due to a lack of character refinement, implying that this chaos may lead to negative perceptions of groups like Neturei Karta. It indicates a need for divine assistance to rectify these issues. This is relevant as it highlights a broader context of disapproval that the Satmar Rebbe may have had towards such groups, suggesting that their actions lack wisdom and contribute to discord.","ספה""ק על הגאולה )אות קי""ח",,15,,,
ATI-18,Unreviewed,need a mekor that speak to pray at dead people cemeterys,2,"
""ונראה לרמז ע""ד שאמרו במד""ר שהלך ירמיה בשעת גזירות החורבן על קברי האבות להשתטח שם ואמרו לו שילך למשרע""ה שהוא המוציא אותם ממצרים והוא יעמוד בפרץ לבקש ולהתחנן על רוע הגזירה. וזה הרמז בדבר זה והדבר אשר יקשה מכם ר""ל אשר יקשה מכם ומכחכם שלא תוכלו עוד לסבול עול הגלות ר""ל. תקריבון אלי ושמעתיו. שתבואו אלי ואשמע רצונכם להתפלל בעדכם.""
","The text discusses a teaching from Midrash that relates to the prophet Jeremiah visiting the graves of the patriarchs during the destruction of the Temple. It suggests that he was advised to turn to Moses, who led the Israelites out of Egypt, to intercede on their behalf against the harsh decree. The message emphasizes the struggle of the people under the burden of exile and the importance of prayer at the gravesites for divine mercy.","תפארת שלמה על התורה דברים פסקה יא:
",,17,,,
ATI-13,Unreviewed,is it a mitzvah to be rich?,2,"דברי יואל: עשר בשביל שתתעשר... שהעשירות עצמו אינו לשם קבלת פרס, אלא שהוא לתכלית הנרצה שעל ידי כך יוכלו לקיים תורה ומצות, שעל כן זה עצמו נחשב למצוה, ולכן שפיר רשאי לעשר בשביל שיתעשר...","The text discusses the principle of giving a tithe (ma'aser) to become wealthy, emphasizing that wealth itself is not merely for the sake of receiving a reward, but serves the purpose of enabling the fulfillment of Torah and commandments. Thus, it is considered a mitzvah to be rich, as it allows one to sustain their spiritual obligations.",,,13,,"split into 4, ea",
ATI-11,Unreviewed,where does the tiferes shlomo think yingeleit should go to kollel?,2,"תפארת שלמה : ...הנה מתעורר נגדו היצה""ר לקומם חותנו עליו להטותו מדרכו. ומתחלה בא עליו בדברים רכים... אתה בני לא טוב לך שבת תמיד בית התורה... רק שים לבך גם על עניני עוה""ז... והוא גם הוא מצוה רבה...","The Tiferes Shlomo discusses how the Yetzer Hara (evil inclination) tries to sway individuals away from their path, initially approaching them with gentle words. He emphasizes the importance of balancing Torah study with attention to worldly matters, suggesting that both are significant and beneficial.",,,11,,,
ATI-10,Unreviewed,"why was Moshe fighting with Korach? If he was really a humble person, why are you fighting for leadership? Give up your leadership and don't fight. Why are you fighting?",2,"כתר שם טוב
ולזה אמר במדרש מה ראה קרח לחלוק על משה פי' האיך ראה וחשב שיהיה למשה התנשאות ח""ו הלא ידעו הכל ענותנותו עד שהעיד עליו הכתוב והאיש משה ענו מאוד כו' וא""כ איך חשדו בעון הגבהות והא קרח פקח היה. והשיב המדרש פרה אדומה ראה ר""ל שראה שגם מדת הגבהות מוכרח להיות לכל צדיק לעבודת הש""י כו' והיא מטהרת טמאים כו' וחשב קרח להיפך כי מה שהתנשא הוא ואהרן להתקרב להש""י לא היה מחמת הגבהות המותר המטהרת טמאים והמרוחקים רק נתערבה בהם הגבהות האסור המטמא הטהורים ועי""ז נשא לבם להתקרב להש""י הוא ואהרן יותר מכל העם ולהיות ולחשבו שזה היה מצד גבהות כי באמת משרע""ה היה בתכלית השפלות כמו שהעידה התורה עליו ואעפ""כ היה משתמש בגבהות בכמה דברים שעשה שהיה מלך על ישראל רק היה זה לעבודת הש""י ולהדריך העם לעבודת הש""י כי לא היה אפשר בלתי זה שהיה מצטרך שיהיה איש אשר יצא לפניהם ואעפ""כ לא רצה לקבל זה בתחלה שסירב ואמר שלח נא ביד תשלח עד שהכריחו הש""י. וקרח אע""פ שפקח היה והיה לו רוה""ק עכ""ז מחמת קנאה שהוא מצד הגבהות חשב שמשה השתמש בגבהות האסור.","The question about why Moshe was fighting with Korach, despite being a humble person, is addressed in the target text by explaining that Korach misinterpreted Moshe's actions as arrogance rather than recognizing his humility and true intentions to serve God. This answer is correct and relevant because it highlights the complexity of leadership and humility, showing that Moshe's elevated position was necessary for guiding the people, not a reflection of personal pride.",,,10,,type 2,
ATI-5,Unreviewed,"Why didn't the sea split immediately, and only split after they cried out to Hashem?",2,"איתא במד""ר כאן בפ' בשלח (פכ""א ס""ה) באותה שעה היו ישראל עומדים ולא היו יודעים מה לעשות, והי' הים סוגר והשונא רודף והחיות מן המדבר וכו' ולמה עשה הקב""ה להם כך, אלא שהי' הקב""ה מתאוה לתפלתן וכו', מה עשה גירה לפרעה לרדוף אחריהם שנא' ופרעה הקריב, מיד ויצעקו בנ""י אל ד', באותה שעה אמר הקב""ה לכך הייתי מבקש לשמוע קולכם שנא' (שה""ש ב') יונתי בחגוי הסלע וגו' השמיעני את קולך וגו' עכ""ד המדרש

","The Midrash explains that when the Israelites were trapped by the sea and pursued by their enemies, they did not know what to do. God orchestrated these events to elicit their prayers, as He desired to hear their cries for help. When Pharaoh drew near, the Israelites cried out to God, prompting the sea to split for them.","דברי יואל על המועדים חלק ט, שביעי של פסח, מאמר קט פסקה ח",,5,,,"T1Q6 (https://www.notion.so/T1Q6-24ce3a6aac1680d58e20f4bceaee799a?pvs=21) "
ATI-66,Unreviewed,find me a shtikel divrey yoel or tiferes shlomo that also says this concept…,,,"The question ""{{Original Query}}"" seeks a reference from ""Divrey Yoel"" or ""Tiferes Shlomo"" that addresses a specific concept. However, the document does not contain any content to provide a relevant answer or explanation, making it impossible to ascertain how the question is answered. Therefore, the answer is not applicable in this case due to the lack of content.",,,,,,
ATI-63,Unreviewed,"I need source from Divrey Yoel that Hashem wants to fill us, so keep on praying even if you see that it's not happening. And even Moses that if he would go into Israel, the beis Hamikdash wouldn't get saved. Hashem would figure out a way around that too.",,"‘ ..ובדרך זה יש לומר לענין משה רבינו דהנה דעת לנבון נקל דאלמלי נכנס משה רבינו לארץ היתה בזה טובה גדולה לישראל בין ברוחניות ובין בגשמיות ואם כן שפיר היה משה רבינו מרבה להתפלל לטובתם של ישראל שיוכל ליכנס לארץ והיו עיניו צופיות למרום שתתקבל תפלתו בבחינת רצון יראיו יעשה ואם כי ראה ברוח קדשו שלבסוף יוכל לצמוח מזה רעה לישראל ח""ו כאשר לא יוכל הקב""ה לשפוך חמתו על עצים ואבנים על זה סמך משה רבינו שבאותה שעה יחזור ויתפלל לפניו יתברך שלא ישפוך חמתו על ישראל ותקובל תפלתו שנית בבחינת ואת שועתם ישמע ויושיעם.","The question about Hashem wanting to fill us and the importance of continued prayer, even in the face of apparent lack of fulfillment, is addressed in the target text by discussing how Moses Rabbeinu prayed fervently to enter the Land of Israel for the benefit of the Jewish people. Despite foreseeing potential negative outcomes, Moses relied on the power of prayer, believing that Hashem would respond positively. This answer is correct and relevant because it emphasizes the significance of prayer and trust in divine providence, reflecting the query's theme of perseverance in faith even when circumstances seem unfavorable.",,,,,,
ATI-31,Under Review,find me a source that the spies didn't want the jews to go into Israel so they can stay depended on miracles and not work,,"

  הביא בשם זקנו 
החידושי הרי""ם זי""ע: ""ושמעתי מפ""ק
אא""ז מו""ר זצ""ל, שהמרגלים היתה
כוונתם לטובת ישראל לבד, שראו ישראל
עומדים שם במצב טוב מאוד לומדים
תורה אצל מרע""ה ואין להם שום טרדה
מטרדת עוה""ז, לא ממזון ולא מכסות, רק
כולם עוסקים בעבדות הש""י וניזונים לחם
מן השמים, היו חסים על ישראל שיכנסו
לארץ ויהי' להם טרדות עוה""ז בעבודת
הארץ, וסיכנו עצמם עבור טובת ישראל,
ופעלו שנתעכבו ישראל במדבר עוד
ארבעים שנה, ונזונו לחם מן השמים. אך
ג ,
אף על פי כן לא הי' זה לרצון בשמים
משום שלא טוב לומר עצות בהנהגת
הש""י, שמסתם כמו שמנהיגין משמים כן
הוא לטובתנו"".","The question ""find me a source that the spies didn't want the jews to go into Israel so they can stay depended on miracles and not work"" is answered by the target text, which explains that the spies intended to protect the Jews from the burdens of worldly concerns by keeping them in the desert, where they could rely on divine miracles for sustenance. This answer is correct and relevant because it directly addresses the spies' motivations and their desire to maintain the Jews' reliance on miraculous provisions rather than entering the land and facing the challenges of agricultural labor.",שפתי צדיק,Chassidus General,30,,,